id;phone_id;date;res
113006;3;2018-08-06;1
113557;3;2018-08-07;1
114108;3;2018-08-08;1
114659;3;2018-08-09;1
115210;3;2018-08-10;1
112722;4;2018-08-06;1
113273;4;2018-08-07;1
113824;4;2018-08-08;1
114375;4;2018-08-09;1
114926;4;2018-08-10;1
113047;10;2018-08-06;1
113598;10;2018-08-07;1
114149;10;2018-08-08;1
114700;10;2018-08-09;1
115251;10;2018-08-10;1
113050;11;2018-08-06;1
113601;11;2018-08-07;1
114152;11;2018-08-08;1
114703;11;2018-08-09;1
115254;11;2018-08-10;1
113053;12;2018-08-06;1
113604;12;2018-08-07;1
114155;12;2018-08-08;1
114706;12;2018-08-09;1
115257;12;2018-08-10;1
113052;13;2018-08-06;1
113603;13;2018-08-07;1
114154;13;2018-08-08;1
114705;13;2018-08-09;1
115256;13;2018-08-10;1
113004;14;2018-08-06;1
113555;14;2018-08-07;1
114106;14;2018-08-08;1
114657;14;2018-08-09;1
115208;14;2018-08-10;1
112995;15;2018-08-06;1
113546;15;2018-08-07;1
114097;15;2018-08-08;1
114648;15;2018-08-09;1
115199;15;2018-08-10;1
113003;16;2018-08-06;1
113554;16;2018-08-07;1
114105;16;2018-08-08;1
114656;16;2018-08-09;1
115207;16;2018-08-10;1
112996;17;2018-08-06;1
113547;17;2018-08-07;1
114098;17;2018-08-08;1
114649;17;2018-08-09;1
115200;17;2018-08-10;1
112997;18;2018-08-06;1
113548;18;2018-08-07;1
114099;18;2018-08-08;1
114650;18;2018-08-09;1
115201;18;2018-08-10;1
112999;19;2018-08-06;1
113550;19;2018-08-07;1
114101;19;2018-08-08;1
114652;19;2018-08-09;1
115203;19;2018-08-10;1
112994;20;2018-08-06;1
113545;20;2018-08-07;1
114096;20;2018-08-08;1
114647;20;2018-08-09;1
115198;20;2018-08-10;1
112993;21;2018-08-06;1
113544;21;2018-08-07;1
114095;21;2018-08-08;1
114646;21;2018-08-09;1
115197;21;2018-08-10;1
113007;22;2018-08-06;0
113558;22;2018-08-07;0
114109;22;2018-08-08;1
114660;22;2018-08-09;1
115211;22;2018-08-10;1
113001;23;2018-08-06;1
113552;23;2018-08-07;1
114103;23;2018-08-08;1
114654;23;2018-08-09;1
115205;23;2018-08-10;1
113000;24;2018-08-06;1
113551;24;2018-08-07;0
114102;24;2018-08-08;0
114653;24;2018-08-09;1
115204;24;2018-08-10;1
113002;26;2018-08-06;1
113553;26;2018-08-07;1
114104;26;2018-08-08;1
114655;26;2018-08-09;1
115206;26;2018-08-10;1
112998;27;2018-08-06;1
113549;27;2018-08-07;1
114100;27;2018-08-08;1
114651;27;2018-08-09;1
115202;27;2018-08-10;1
113089;28;2018-08-06;1
113640;28;2018-08-07;1
114191;28;2018-08-08;1
114742;28;2018-08-09;1
115293;28;2018-08-10;1
113092;29;2018-08-06;1
113643;29;2018-08-07;1
114194;29;2018-08-08;1
114745;29;2018-08-09;1
115296;29;2018-08-10;1
113098;31;2018-08-06;1
113649;31;2018-08-07;1
114200;31;2018-08-08;1
114751;31;2018-08-09;1
115302;31;2018-08-10;1
113105;32;2018-08-06;1
113656;32;2018-08-07;1
114207;32;2018-08-08;1
114758;32;2018-08-09;1
115309;32;2018-08-10;1
113103;33;2018-08-06;1
113654;33;2018-08-07;1
114205;33;2018-08-08;1
114756;33;2018-08-09;1
115307;33;2018-08-10;1
112689;34;2018-08-06;1
113240;34;2018-08-07;1
113791;34;2018-08-08;1
114342;34;2018-08-09;1
114893;34;2018-08-10;1
112670;41;2018-08-06;1
113221;41;2018-08-07;1
113772;41;2018-08-08;1
114323;41;2018-08-09;1
114874;41;2018-08-10;1
112665;43;2018-08-06;1
113216;43;2018-08-07;1
113767;43;2018-08-08;1
114318;43;2018-08-09;1
114869;43;2018-08-10;1
112661;44;2018-08-06;1
113212;44;2018-08-07;1
113763;44;2018-08-08;1
114314;44;2018-08-09;1
114865;44;2018-08-10;1
112666;45;2018-08-06;1
113217;45;2018-08-07;1
113768;45;2018-08-08;1
114319;45;2018-08-09;1
114870;45;2018-08-10;1
112684;49;2018-08-06;1
113235;49;2018-08-07;1
113786;49;2018-08-08;1
114337;49;2018-08-09;1
114888;49;2018-08-10;1
112709;50;2018-08-06;1
113260;50;2018-08-07;1
113811;50;2018-08-08;1
114362;50;2018-08-09;1
114913;50;2018-08-10;1
112673;51;2018-08-06;1
113224;51;2018-08-07;1
113775;51;2018-08-08;1
114326;51;2018-08-09;1
114877;51;2018-08-10;1
112686;52;2018-08-06;1
113237;52;2018-08-07;1
113788;52;2018-08-08;1
114339;52;2018-08-09;1
114890;52;2018-08-10;1
112708;53;2018-08-06;1
113259;53;2018-08-07;1
113810;53;2018-08-08;1
114361;53;2018-08-09;1
114912;53;2018-08-10;1
112674;54;2018-08-06;1
113225;54;2018-08-07;1
113776;54;2018-08-08;1
114327;54;2018-08-09;1
114878;54;2018-08-10;1
113134;55;2018-08-06;1
113685;55;2018-08-07;1
114236;55;2018-08-08;1
114787;55;2018-08-09;1
115338;55;2018-08-10;1
112702;56;2018-08-06;0
113253;56;2018-08-07;1
113804;56;2018-08-08;1
114355;56;2018-08-09;0
114906;56;2018-08-10;0
112703;57;2018-08-06;1
113254;57;2018-08-07;1
113805;57;2018-08-08;1
114356;57;2018-08-09;1
114907;57;2018-08-10;1
112685;58;2018-08-06;1
113236;58;2018-08-07;1
113787;58;2018-08-08;1
114338;58;2018-08-09;1
114889;58;2018-08-10;1
112792;59;2018-08-06;1
113343;59;2018-08-07;1
113894;59;2018-08-08;1
114445;59;2018-08-09;1
114996;59;2018-08-10;1
113048;70;2018-08-06;1
113599;70;2018-08-07;1
114150;70;2018-08-08;1
114701;70;2018-08-09;1
115252;70;2018-08-10;1
113029;71;2018-08-06;1
113580;71;2018-08-07;1
114131;71;2018-08-08;1
114682;71;2018-08-09;1
115233;71;2018-08-10;1
113008;72;2018-08-06;1
113559;72;2018-08-07;1
114110;72;2018-08-08;1
114661;72;2018-08-09;1
115212;72;2018-08-10;1
112611;74;2018-08-06;1
113162;74;2018-08-07;1
113713;74;2018-08-08;1
114264;74;2018-08-09;1
114815;74;2018-08-10;1
112953;214;2018-08-06;1
113504;214;2018-08-07;1
114055;214;2018-08-08;1
114606;214;2018-08-09;1
115157;214;2018-08-10;1
113005;215;2018-08-06;0
113556;215;2018-08-07;0
114107;215;2018-08-08;0
114658;215;2018-08-09;0
115209;215;2018-08-10;0
112595;455;2018-08-06;1
113146;455;2018-08-07;1
113697;455;2018-08-08;1
114248;455;2018-08-09;1
114799;455;2018-08-10;1
112989;458;2018-08-06;1
113540;458;2018-08-07;1
114091;458;2018-08-08;1
114642;458;2018-08-09;1
115193;458;2018-08-10;1
113086;480;2018-08-06;1
113637;480;2018-08-07;1
114188;480;2018-08-08;1
114739;480;2018-08-09;1
115290;480;2018-08-10;1
112633;506;2018-08-06;1
113184;506;2018-08-07;1
113735;506;2018-08-08;1
114286;506;2018-08-09;1
114837;506;2018-08-10;1
112662;551;2018-08-06;1
113213;551;2018-08-07;1
113764;551;2018-08-08;1
114315;551;2018-08-09;1
114866;551;2018-08-10;1
112738;610;2018-08-06;1
113289;610;2018-08-07;1
113840;610;2018-08-08;1
114391;610;2018-08-09;1
114942;610;2018-08-10;1
112741;611;2018-08-06;1
113292;611;2018-08-07;1
113843;611;2018-08-08;1
114394;611;2018-08-09;1
114945;611;2018-08-10;1
112735;850;2018-08-06;1
113286;850;2018-08-07;1
113837;850;2018-08-08;1
114388;850;2018-08-09;1
114939;850;2018-08-10;1
112736;851;2018-08-06;1
113287;851;2018-08-07;1
113838;851;2018-08-08;1
114389;851;2018-08-09;1
114940;851;2018-08-10;1
112737;852;2018-08-06;1
113288;852;2018-08-07;1
113839;852;2018-08-08;1
114390;852;2018-08-09;1
114941;852;2018-08-10;1
112740;853;2018-08-06;1
113291;853;2018-08-07;1
113842;853;2018-08-08;1
114393;853;2018-08-09;1
114944;853;2018-08-10;1
112739;854;2018-08-06;1
113290;854;2018-08-07;1
113841;854;2018-08-08;1
114392;854;2018-08-09;1
114943;854;2018-08-10;1
112585;855;2018-08-06;1
113136;855;2018-08-07;1
113687;855;2018-08-08;1
114238;855;2018-08-09;1
114789;855;2018-08-10;1
112600;856;2018-08-06;1
113151;856;2018-08-07;1
113702;856;2018-08-08;1
114253;856;2018-08-09;1
114804;856;2018-08-10;1
112614;857;2018-08-06;1
113165;857;2018-08-07;1
113716;857;2018-08-08;1
114267;857;2018-08-09;1
114818;857;2018-08-10;1
112630;858;2018-08-06;1
113181;858;2018-08-07;1
113732;858;2018-08-08;1
114283;858;2018-08-09;1
114834;858;2018-08-10;1
112591;859;2018-08-06;1
113142;859;2018-08-07;1
113693;859;2018-08-08;1
114244;859;2018-08-09;1
114795;859;2018-08-10;1
112597;860;2018-08-06;1
113148;860;2018-08-07;1
113699;860;2018-08-08;1
114250;860;2018-08-09;1
114801;860;2018-08-10;1
112620;861;2018-08-06;1
113171;861;2018-08-07;1
113722;861;2018-08-08;1
114273;861;2018-08-09;1
114824;861;2018-08-10;1
112619;863;2018-08-06;1
113170;863;2018-08-07;1
113721;863;2018-08-08;1
114272;863;2018-08-09;1
114823;863;2018-08-10;1
112607;864;2018-08-06;1
113158;864;2018-08-07;1
113709;864;2018-08-08;1
114260;864;2018-08-09;1
114811;864;2018-08-10;1
112713;865;2018-08-06;1
113264;865;2018-08-07;1
113815;865;2018-08-08;1
114366;865;2018-08-09;1
114917;865;2018-08-10;1
112717;866;2018-08-06;1
113268;866;2018-08-07;1
113819;866;2018-08-08;1
114370;866;2018-08-09;1
114921;866;2018-08-10;1
112718;867;2018-08-06;1
113269;867;2018-08-07;1
113820;867;2018-08-08;1
114371;867;2018-08-09;1
114922;867;2018-08-10;1
112720;868;2018-08-06;1
113271;868;2018-08-07;1
113822;868;2018-08-08;1
114373;868;2018-08-09;1
114924;868;2018-08-10;1
112742;869;2018-08-06;1
113293;869;2018-08-07;1
113844;869;2018-08-08;1
114395;869;2018-08-09;1
114946;869;2018-08-10;1
112723;870;2018-08-06;1
113274;870;2018-08-07;1
113825;870;2018-08-08;1
114376;870;2018-08-09;1
114927;870;2018-08-10;1
112725;871;2018-08-06;1
113276;871;2018-08-07;1
113827;871;2018-08-08;1
114378;871;2018-08-09;1
114929;871;2018-08-10;1
112729;872;2018-08-06;1
113280;872;2018-08-07;1
113831;872;2018-08-08;1
114382;872;2018-08-09;1
114933;872;2018-08-10;1
112727;873;2018-08-06;1
113278;873;2018-08-07;1
113829;873;2018-08-08;1
114380;873;2018-08-09;1
114931;873;2018-08-10;1
112732;874;2018-08-06;1
113283;874;2018-08-07;1
113834;874;2018-08-08;1
114385;874;2018-08-09;1
114936;874;2018-08-10;1
112734;875;2018-08-06;1
113285;875;2018-08-07;1
113836;875;2018-08-08;1
114387;875;2018-08-09;1
114938;875;2018-08-10;1
112904;876;2018-08-06;1
113455;876;2018-08-07;1
114006;876;2018-08-08;1
114557;876;2018-08-09;1
115108;876;2018-08-10;1
112881;877;2018-08-06;1
113432;877;2018-08-07;1
113983;877;2018-08-08;1
114534;877;2018-08-09;1
115085;877;2018-08-10;1
112899;878;2018-08-06;1
113450;878;2018-08-07;1
114001;878;2018-08-08;1
114552;878;2018-08-09;1
115103;878;2018-08-10;1
112895;879;2018-08-06;1
113446;879;2018-08-07;1
113997;879;2018-08-08;1
114548;879;2018-08-09;1
115099;879;2018-08-10;1
112891;880;2018-08-06;1
113442;880;2018-08-07;1
113993;880;2018-08-08;1
114544;880;2018-08-09;1
115095;880;2018-08-10;1
112894;881;2018-08-06;1
113445;881;2018-08-07;1
113996;881;2018-08-08;1
114547;881;2018-08-09;1
115098;881;2018-08-10;1
112901;882;2018-08-06;1
113452;882;2018-08-07;1
114003;882;2018-08-08;1
114554;882;2018-08-09;1
115105;882;2018-08-10;1
112898;883;2018-08-06;1
113449;883;2018-08-07;1
114000;883;2018-08-08;1
114551;883;2018-08-09;1
115102;883;2018-08-10;1
112908;884;2018-08-06;1
113459;884;2018-08-07;1
114010;884;2018-08-08;1
114561;884;2018-08-09;1
115112;884;2018-08-10;1
112885;885;2018-08-06;1
113436;885;2018-08-07;1
113987;885;2018-08-08;1
114538;885;2018-08-09;1
115089;885;2018-08-10;1
112886;886;2018-08-06;1
113437;886;2018-08-07;1
113988;886;2018-08-08;1
114539;886;2018-08-09;1
115090;886;2018-08-10;1
112893;887;2018-08-06;1
113444;887;2018-08-07;1
113995;887;2018-08-08;1
114546;887;2018-08-09;1
115097;887;2018-08-10;1
112888;888;2018-08-06;1
113439;888;2018-08-07;1
113990;888;2018-08-08;1
114541;888;2018-08-09;1
115092;888;2018-08-10;1
112903;889;2018-08-06;1
113454;889;2018-08-07;1
114005;889;2018-08-08;1
114556;889;2018-08-09;1
115107;889;2018-08-10;1
112719;890;2018-08-06;1
113270;890;2018-08-07;1
113821;890;2018-08-08;1
114372;890;2018-08-09;1
114923;890;2018-08-10;1
112593;891;2018-08-06;1
113144;891;2018-08-07;1
113695;891;2018-08-08;1
114246;891;2018-08-09;1
114797;891;2018-08-10;1
112596;892;2018-08-06;1
113147;892;2018-08-07;1
113698;892;2018-08-08;1
114249;892;2018-08-09;1
114800;892;2018-08-10;1
112675;1000;2018-08-06;1
113226;1000;2018-08-07;1
113777;1000;2018-08-08;1
114328;1000;2018-08-09;1
114879;1000;2018-08-10;1
112676;1001;2018-08-06;1
113227;1001;2018-08-07;1
113778;1001;2018-08-08;1
114329;1001;2018-08-09;1
114880;1001;2018-08-10;1
112677;1002;2018-08-06;1
113228;1002;2018-08-07;1
113779;1002;2018-08-08;1
114330;1002;2018-08-09;1
114881;1002;2018-08-10;1
112678;1003;2018-08-06;1
113229;1003;2018-08-07;1
113780;1003;2018-08-08;1
114331;1003;2018-08-09;1
114882;1003;2018-08-10;1
112679;1004;2018-08-06;1
113230;1004;2018-08-07;1
113781;1004;2018-08-08;1
114332;1004;2018-08-09;1
114883;1004;2018-08-10;1
112680;1005;2018-08-06;1
113231;1005;2018-08-07;1
113782;1005;2018-08-08;1
114333;1005;2018-08-09;1
114884;1005;2018-08-10;1
112681;1006;2018-08-06;1
113232;1006;2018-08-07;1
113783;1006;2018-08-08;1
114334;1006;2018-08-09;1
114885;1006;2018-08-10;1
112682;1007;2018-08-06;1
113233;1007;2018-08-07;1
113784;1007;2018-08-08;1
114335;1007;2018-08-09;1
114886;1007;2018-08-10;1
112705;1008;2018-08-06;1
113256;1008;2018-08-07;1
113807;1008;2018-08-08;1
114358;1008;2018-08-09;1
114909;1008;2018-08-10;1
112704;1010;2018-08-06;1
113255;1010;2018-08-07;1
113806;1010;2018-08-08;1
114357;1010;2018-08-09;1
114908;1010;2018-08-10;1
112710;1011;2018-08-06;1
113261;1011;2018-08-07;1
113812;1011;2018-08-08;1
114363;1011;2018-08-09;1
114914;1011;2018-08-10;1
112688;1012;2018-08-06;1
113239;1012;2018-08-07;1
113790;1012;2018-08-08;1
114341;1012;2018-08-09;1
114892;1012;2018-08-10;1
112687;1014;2018-08-06;1
113238;1014;2018-08-07;1
113789;1014;2018-08-08;1
114340;1014;2018-08-09;1
114891;1014;2018-08-10;1
112683;1015;2018-08-06;0
113234;1015;2018-08-07;0
113785;1015;2018-08-08;0
114336;1015;2018-08-09;1
114887;1015;2018-08-10;1
112690;1016;2018-08-06;1
113241;1016;2018-08-07;1
113792;1016;2018-08-08;1
114343;1016;2018-08-09;1
114894;1016;2018-08-10;1
112691;1017;2018-08-06;1
113242;1017;2018-08-07;1
113793;1017;2018-08-08;1
114344;1017;2018-08-09;1
114895;1017;2018-08-10;1
112692;1018;2018-08-06;1
113243;1018;2018-08-07;1
113794;1018;2018-08-08;1
114345;1018;2018-08-09;1
114896;1018;2018-08-10;1
112693;1019;2018-08-06;1
113244;1019;2018-08-07;1
113795;1019;2018-08-08;1
114346;1019;2018-08-09;1
114897;1019;2018-08-10;1
112694;1020;2018-08-06;1
113245;1020;2018-08-07;1
113796;1020;2018-08-08;1
114347;1020;2018-08-09;1
114898;1020;2018-08-10;1
112696;1021;2018-08-06;1
113247;1021;2018-08-07;1
113798;1021;2018-08-08;1
114349;1021;2018-08-09;1
114900;1021;2018-08-10;1
112711;1022;2018-08-06;1
113262;1022;2018-08-07;1
113813;1022;2018-08-08;1
114364;1022;2018-08-09;1
114915;1022;2018-08-10;1
112697;1023;2018-08-06;1
113248;1023;2018-08-07;1
113799;1023;2018-08-08;1
114350;1023;2018-08-09;1
114901;1023;2018-08-10;1
112698;1024;2018-08-06;1
113249;1024;2018-08-07;1
113800;1024;2018-08-08;1
114351;1024;2018-08-09;1
114902;1024;2018-08-10;1
112700;1025;2018-08-06;1
113251;1025;2018-08-07;1
113802;1025;2018-08-08;1
114353;1025;2018-08-09;1
114904;1025;2018-08-10;1
112699;1026;2018-08-06;0
113250;1026;2018-08-07;0
113801;1026;2018-08-08;0
114352;1026;2018-08-09;1
114903;1026;2018-08-10;1
112701;1027;2018-08-06;1
113252;1027;2018-08-07;1
113803;1027;2018-08-08;1
114354;1027;2018-08-09;1
114905;1027;2018-08-10;1
112695;1029;2018-08-06;1
113246;1029;2018-08-07;1
113797;1029;2018-08-08;1
114348;1029;2018-08-09;1
114899;1029;2018-08-10;1
112707;1030;2018-08-06;1
113258;1030;2018-08-07;1
113809;1030;2018-08-08;1
114360;1030;2018-08-09;1
114911;1030;2018-08-10;1
112706;1031;2018-08-06;1
113257;1031;2018-08-07;1
113808;1031;2018-08-08;1
114359;1031;2018-08-09;1
114910;1031;2018-08-10;1
112712;1032;2018-08-06;1
113263;1032;2018-08-07;1
113814;1032;2018-08-08;1
114365;1032;2018-08-09;1
114916;1032;2018-08-10;1
112804;1033;2018-08-06;1
113355;1033;2018-08-07;1
113906;1033;2018-08-08;1
114457;1033;2018-08-09;1
115008;1033;2018-08-10;1
112805;1034;2018-08-06;1
113356;1034;2018-08-07;1
113907;1034;2018-08-08;1
114458;1034;2018-08-09;1
115009;1034;2018-08-10;1
112783;1035;2018-08-06;1
113334;1035;2018-08-07;1
113885;1035;2018-08-08;1
114436;1035;2018-08-09;1
114987;1035;2018-08-10;1
112784;1036;2018-08-06;1
113335;1036;2018-08-07;1
113886;1036;2018-08-08;1
114437;1036;2018-08-09;1
114988;1036;2018-08-10;1
112785;1037;2018-08-06;1
113336;1037;2018-08-07;1
113887;1037;2018-08-08;1
114438;1037;2018-08-09;1
114989;1037;2018-08-10;1
112786;1038;2018-08-06;1
113337;1038;2018-08-07;1
113888;1038;2018-08-08;1
114439;1038;2018-08-09;1
114990;1038;2018-08-10;1
112789;1039;2018-08-06;1
113340;1039;2018-08-07;1
113891;1039;2018-08-08;1
114442;1039;2018-08-09;1
114993;1039;2018-08-10;1
112790;1040;2018-08-06;1
113341;1040;2018-08-07;1
113892;1040;2018-08-08;1
114443;1040;2018-08-09;1
114994;1040;2018-08-10;1
112791;1041;2018-08-06;1
113342;1041;2018-08-07;1
113893;1041;2018-08-08;1
114444;1041;2018-08-09;1
114995;1041;2018-08-10;1
112793;1042;2018-08-06;1
113344;1042;2018-08-07;1
113895;1042;2018-08-08;1
114446;1042;2018-08-09;1
114997;1042;2018-08-10;1
112794;1043;2018-08-06;1
113345;1043;2018-08-07;1
113896;1043;2018-08-08;1
114447;1043;2018-08-09;1
114998;1043;2018-08-10;1
112795;1044;2018-08-06;1
113346;1044;2018-08-07;1
113897;1044;2018-08-08;1
114448;1044;2018-08-09;1
114999;1044;2018-08-10;1
112797;1045;2018-08-06;1
113348;1045;2018-08-07;1
113899;1045;2018-08-08;1
114450;1045;2018-08-09;1
115001;1045;2018-08-10;1
112798;1046;2018-08-06;1
113349;1046;2018-08-07;1
113900;1046;2018-08-08;1
114451;1046;2018-08-09;1
115002;1046;2018-08-10;1
112799;1047;2018-08-06;1
113350;1047;2018-08-07;1
113901;1047;2018-08-08;1
114452;1047;2018-08-09;1
115003;1047;2018-08-10;1
112800;1048;2018-08-06;1
113351;1048;2018-08-07;1
113902;1048;2018-08-08;1
114453;1048;2018-08-09;1
115004;1048;2018-08-10;1
112801;1049;2018-08-06;1
113352;1049;2018-08-07;1
113903;1049;2018-08-08;1
114454;1049;2018-08-09;1
115005;1049;2018-08-10;1
112803;1050;2018-08-06;1
113354;1050;2018-08-07;1
113905;1050;2018-08-08;1
114456;1050;2018-08-09;1
115007;1050;2018-08-10;1
112802;1051;2018-08-06;1
113353;1051;2018-08-07;1
113904;1051;2018-08-08;1
114455;1051;2018-08-09;1
115006;1051;2018-08-10;1
112787;1052;2018-08-06;1
113338;1052;2018-08-07;1
113889;1052;2018-08-08;1
114440;1052;2018-08-09;1
114991;1052;2018-08-10;1
112807;1053;2018-08-06;1
113358;1053;2018-08-07;1
113909;1053;2018-08-08;1
114460;1053;2018-08-09;1
115011;1053;2018-08-10;1
112806;1054;2018-08-06;1
113357;1054;2018-08-07;1
113908;1054;2018-08-08;1
114459;1054;2018-08-09;1
115010;1054;2018-08-10;1
112808;1055;2018-08-06;1
113359;1055;2018-08-07;1
113910;1055;2018-08-08;1
114461;1055;2018-08-09;1
115012;1055;2018-08-10;1
112810;1056;2018-08-06;1
113361;1056;2018-08-07;1
113912;1056;2018-08-08;1
114463;1056;2018-08-09;1
115014;1056;2018-08-10;1
112809;1057;2018-08-06;1
113360;1057;2018-08-07;1
113911;1057;2018-08-08;1
114462;1057;2018-08-09;1
115013;1057;2018-08-10;1
112788;1058;2018-08-06;1
113339;1058;2018-08-07;1
113890;1058;2018-08-08;1
114441;1058;2018-08-09;1
114992;1058;2018-08-10;1
112812;1059;2018-08-06;1
113363;1059;2018-08-07;1
113914;1059;2018-08-08;1
114465;1059;2018-08-09;1
115016;1059;2018-08-10;1
112811;1060;2018-08-06;1
113362;1060;2018-08-07;1
113913;1060;2018-08-08;1
114464;1060;2018-08-09;1
115015;1060;2018-08-10;1
112813;1061;2018-08-06;1
113364;1061;2018-08-07;1
113915;1061;2018-08-08;1
114466;1061;2018-08-09;1
115017;1061;2018-08-10;1
112796;1062;2018-08-06;1
113347;1062;2018-08-07;1
113898;1062;2018-08-08;1
114449;1062;2018-08-09;1
115000;1062;2018-08-10;1
112815;1064;2018-08-06;1
113366;1064;2018-08-07;1
113917;1064;2018-08-08;1
114468;1064;2018-08-09;1
115019;1064;2018-08-10;1
112814;1065;2018-08-06;1
113365;1065;2018-08-07;1
113916;1065;2018-08-08;1
114467;1065;2018-08-09;1
115018;1065;2018-08-10;1
112816;1066;2018-08-06;1
113367;1066;2018-08-07;1
113918;1066;2018-08-08;1
114469;1066;2018-08-09;1
115020;1066;2018-08-10;1
112818;1067;2018-08-06;1
113369;1067;2018-08-07;1
113920;1067;2018-08-08;1
114471;1067;2018-08-09;1
115022;1067;2018-08-10;1
112827;1068;2018-08-06;1
113378;1068;2018-08-07;1
113929;1068;2018-08-08;1
114480;1068;2018-08-09;1
115031;1068;2018-08-10;1
112819;1069;2018-08-06;1
113370;1069;2018-08-07;1
113921;1069;2018-08-08;1
114472;1069;2018-08-09;1
115023;1069;2018-08-10;1
112820;1070;2018-08-06;1
113371;1070;2018-08-07;1
113922;1070;2018-08-08;1
114473;1070;2018-08-09;1
115024;1070;2018-08-10;1
112821;1071;2018-08-06;1
113372;1071;2018-08-07;1
113923;1071;2018-08-08;1
114474;1071;2018-08-09;1
115025;1071;2018-08-10;1
112822;1072;2018-08-06;1
113373;1072;2018-08-07;1
113924;1072;2018-08-08;1
114475;1072;2018-08-09;1
115026;1072;2018-08-10;1
112824;1073;2018-08-06;1
113375;1073;2018-08-07;1
113926;1073;2018-08-08;1
114477;1073;2018-08-09;1
115028;1073;2018-08-10;1
112825;1074;2018-08-06;1
113376;1074;2018-08-07;1
113927;1074;2018-08-08;1
114478;1074;2018-08-09;1
115029;1074;2018-08-10;1
112826;1075;2018-08-06;1
113377;1075;2018-08-07;1
113928;1075;2018-08-08;1
114479;1075;2018-08-09;1
115030;1075;2018-08-10;1
112828;1076;2018-08-06;0
113379;1076;2018-08-07;0
113930;1076;2018-08-08;0
114481;1076;2018-08-09;1
115032;1076;2018-08-10;1
112830;1077;2018-08-06;1
113381;1077;2018-08-07;1
113932;1077;2018-08-08;1
114483;1077;2018-08-09;1
115034;1077;2018-08-10;1
112829;1078;2018-08-06;1
113380;1078;2018-08-07;1
113931;1078;2018-08-08;1
114482;1078;2018-08-09;1
115033;1078;2018-08-10;1
112817;1079;2018-08-06;1
113368;1079;2018-08-07;1
113919;1079;2018-08-08;1
114470;1079;2018-08-09;1
115021;1079;2018-08-10;1
112823;1080;2018-08-06;1
113374;1080;2018-08-07;1
113925;1080;2018-08-08;1
114476;1080;2018-08-09;1
115027;1080;2018-08-10;1
112831;1081;2018-08-06;1
113382;1081;2018-08-07;1
113933;1081;2018-08-08;1
114484;1081;2018-08-09;1
115035;1081;2018-08-10;1
113009;1139;2018-08-06;1
113560;1139;2018-08-07;1
114111;1139;2018-08-08;1
114662;1139;2018-08-09;1
115213;1139;2018-08-10;1
113021;1140;2018-08-06;1
113572;1140;2018-08-07;1
114123;1140;2018-08-08;1
114674;1140;2018-08-09;1
115225;1140;2018-08-10;1
113024;1141;2018-08-06;1
113575;1141;2018-08-07;1
114126;1141;2018-08-08;1
114677;1141;2018-08-09;1
115228;1141;2018-08-10;1
113031;1142;2018-08-06;1
113582;1142;2018-08-07;1
114133;1142;2018-08-08;1
114684;1142;2018-08-09;1
115235;1142;2018-08-10;1
113032;1143;2018-08-06;1
113583;1143;2018-08-07;1
114134;1143;2018-08-08;1
114685;1143;2018-08-09;1
115236;1143;2018-08-10;1
113036;1144;2018-08-06;1
113587;1144;2018-08-07;1
114138;1144;2018-08-08;1
114689;1144;2018-08-09;1
115240;1144;2018-08-10;1
113037;1145;2018-08-06;1
113588;1145;2018-08-07;1
114139;1145;2018-08-08;1
114690;1145;2018-08-09;1
115241;1145;2018-08-10;1
113038;1146;2018-08-06;1
113589;1146;2018-08-07;1
114140;1146;2018-08-08;1
114691;1146;2018-08-09;1
115242;1146;2018-08-10;1
113044;1147;2018-08-06;1
113595;1147;2018-08-07;1
114146;1147;2018-08-08;1
114697;1147;2018-08-09;1
115248;1147;2018-08-10;1
113042;1148;2018-08-06;1
113593;1148;2018-08-07;1
114144;1148;2018-08-08;1
114695;1148;2018-08-09;1
115246;1148;2018-08-10;1
113043;1149;2018-08-06;1
113594;1149;2018-08-07;1
114145;1149;2018-08-08;1
114696;1149;2018-08-09;1
115247;1149;2018-08-10;1
113054;1150;2018-08-06;1
113605;1150;2018-08-07;1
114156;1150;2018-08-08;1
114707;1150;2018-08-09;1
115258;1150;2018-08-10;1
113046;1151;2018-08-06;1
113597;1151;2018-08-07;1
114148;1151;2018-08-08;1
114699;1151;2018-08-09;1
115250;1151;2018-08-10;1
113049;1152;2018-08-06;1
113600;1152;2018-08-07;1
114151;1152;2018-08-08;1
114702;1152;2018-08-09;1
115253;1152;2018-08-10;1
113041;1153;2018-08-06;1
113592;1153;2018-08-07;1
114143;1153;2018-08-08;1
114694;1153;2018-08-09;1
115245;1153;2018-08-10;1
113040;1154;2018-08-06;1
113591;1154;2018-08-07;1
114142;1154;2018-08-08;1
114693;1154;2018-08-09;1
115244;1154;2018-08-10;1
113016;1155;2018-08-06;1
113567;1155;2018-08-07;1
114118;1155;2018-08-08;1
114669;1155;2018-08-09;1
115220;1155;2018-08-10;1
113028;1156;2018-08-06;1
113579;1156;2018-08-07;1
114130;1156;2018-08-08;1
114681;1156;2018-08-09;1
115232;1156;2018-08-10;1
113027;1157;2018-08-06;1
113578;1157;2018-08-07;1
114129;1157;2018-08-08;1
114680;1157;2018-08-09;1
115231;1157;2018-08-10;1
113010;1158;2018-08-06;1
113561;1158;2018-08-07;1
114112;1158;2018-08-08;1
114663;1158;2018-08-09;1
115214;1158;2018-08-10;1
113012;1159;2018-08-06;1
113563;1159;2018-08-07;1
114114;1159;2018-08-08;1
114665;1159;2018-08-09;1
115216;1159;2018-08-10;1
113013;1160;2018-08-06;1
113564;1160;2018-08-07;1
114115;1160;2018-08-08;1
114666;1160;2018-08-09;1
115217;1160;2018-08-10;1
113023;1161;2018-08-06;1
113574;1161;2018-08-07;1
114125;1161;2018-08-08;1
114676;1161;2018-08-09;1
115227;1161;2018-08-10;1
113019;1162;2018-08-06;1
113570;1162;2018-08-07;1
114121;1162;2018-08-08;1
114672;1162;2018-08-09;1
115223;1162;2018-08-10;1
113045;1163;2018-08-06;1
113596;1163;2018-08-07;1
114147;1163;2018-08-08;1
114698;1163;2018-08-09;1
115249;1163;2018-08-10;1
113014;1164;2018-08-06;1
113565;1164;2018-08-07;1
114116;1164;2018-08-08;1
114667;1164;2018-08-09;1
115218;1164;2018-08-10;1
113039;1165;2018-08-06;1
113590;1165;2018-08-07;1
114141;1165;2018-08-08;1
114692;1165;2018-08-09;1
115243;1165;2018-08-10;1
113030;1166;2018-08-06;1
113581;1166;2018-08-07;1
114132;1166;2018-08-08;1
114683;1166;2018-08-09;1
115234;1166;2018-08-10;1
113015;1167;2018-08-06;1
113566;1167;2018-08-07;1
114117;1167;2018-08-08;1
114668;1167;2018-08-09;1
115219;1167;2018-08-10;1
113033;1168;2018-08-06;1
113584;1168;2018-08-07;1
114135;1168;2018-08-08;1
114686;1168;2018-08-09;1
115237;1168;2018-08-10;1
113051;1169;2018-08-06;1
113602;1169;2018-08-07;1
114153;1169;2018-08-08;1
114704;1169;2018-08-09;1
115255;1169;2018-08-10;1
113011;1170;2018-08-06;1
113562;1170;2018-08-07;1
114113;1170;2018-08-08;1
114664;1170;2018-08-09;1
115215;1170;2018-08-10;1
113035;1171;2018-08-06;1
113586;1171;2018-08-07;1
114137;1171;2018-08-08;1
114688;1171;2018-08-09;1
115239;1171;2018-08-10;1
113034;1172;2018-08-06;1
113585;1172;2018-08-07;1
114136;1172;2018-08-08;1
114687;1172;2018-08-09;1
115238;1172;2018-08-10;1
113118;1173;2018-08-06;1
113669;1173;2018-08-07;1
114220;1173;2018-08-08;1
114771;1173;2018-08-09;1
115322;1173;2018-08-10;1
113018;1174;2018-08-06;1
113569;1174;2018-08-07;1
114120;1174;2018-08-08;1
114671;1174;2018-08-09;1
115222;1174;2018-08-10;1
113020;1175;2018-08-06;1
113571;1175;2018-08-07;1
114122;1175;2018-08-08;1
114673;1175;2018-08-09;1
115224;1175;2018-08-10;1
113022;1176;2018-08-06;1
113573;1176;2018-08-07;1
114124;1176;2018-08-08;1
114675;1176;2018-08-09;1
115226;1176;2018-08-10;1
113025;1177;2018-08-06;1
113576;1177;2018-08-07;1
114127;1177;2018-08-08;1
114678;1177;2018-08-09;1
115229;1177;2018-08-10;1
113026;1178;2018-08-06;1
113577;1178;2018-08-07;1
114128;1178;2018-08-08;1
114679;1178;2018-08-09;1
115230;1178;2018-08-10;1
113017;1179;2018-08-06;1
113568;1179;2018-08-07;1
114119;1179;2018-08-08;1
114670;1179;2018-08-09;1
115221;1179;2018-08-10;1
112598;1180;2018-08-06;1
113149;1180;2018-08-07;1
113700;1180;2018-08-08;1
114251;1180;2018-08-09;1
114802;1180;2018-08-10;1
112599;1181;2018-08-06;1
113150;1181;2018-08-07;1
113701;1181;2018-08-08;1
114252;1181;2018-08-09;1
114803;1181;2018-08-10;1
112602;1183;2018-08-06;1
113153;1183;2018-08-07;1
113704;1183;2018-08-08;1
114255;1183;2018-08-09;1
114806;1183;2018-08-10;1
112604;1184;2018-08-06;1
113155;1184;2018-08-07;1
113706;1184;2018-08-08;1
114257;1184;2018-08-09;1
114808;1184;2018-08-10;1
112603;1185;2018-08-06;1
113154;1185;2018-08-07;1
113705;1185;2018-08-08;1
114256;1185;2018-08-09;1
114807;1185;2018-08-10;1
112608;1189;2018-08-06;1
113159;1189;2018-08-07;1
113710;1189;2018-08-08;1
114261;1189;2018-08-09;1
114812;1189;2018-08-10;1
112609;1191;2018-08-06;1
113160;1191;2018-08-07;1
113711;1191;2018-08-08;1
114262;1191;2018-08-09;1
114813;1191;2018-08-10;1
112610;1192;2018-08-06;1
113161;1192;2018-08-07;1
113712;1192;2018-08-08;1
114263;1192;2018-08-09;1
114814;1192;2018-08-10;1
112613;1194;2018-08-06;1
113164;1194;2018-08-07;1
113715;1194;2018-08-08;1
114266;1194;2018-08-09;1
114817;1194;2018-08-10;1
112615;1195;2018-08-06;1
113166;1195;2018-08-07;1
113717;1195;2018-08-08;1
114268;1195;2018-08-09;1
114819;1195;2018-08-10;1
112617;1196;2018-08-06;1
113168;1196;2018-08-07;1
113719;1196;2018-08-08;1
114270;1196;2018-08-09;1
114821;1196;2018-08-10;1
112618;1197;2018-08-06;1
113169;1197;2018-08-07;1
113720;1197;2018-08-08;1
114271;1197;2018-08-09;1
114822;1197;2018-08-10;1
112616;1198;2018-08-06;1
113167;1198;2018-08-07;1
113718;1198;2018-08-08;1
114269;1198;2018-08-09;1
114820;1198;2018-08-10;1
112621;1199;2018-08-06;1
113172;1199;2018-08-07;1
113723;1199;2018-08-08;1
114274;1199;2018-08-09;1
114825;1199;2018-08-10;1
112622;1200;2018-08-06;1
113173;1200;2018-08-07;1
113724;1200;2018-08-08;1
114275;1200;2018-08-09;1
114826;1200;2018-08-10;1
112612;1203;2018-08-06;1
113163;1203;2018-08-07;1
113714;1203;2018-08-08;1
114265;1203;2018-08-09;1
114816;1203;2018-08-10;1
112586;1204;2018-08-06;1
113137;1204;2018-08-07;1
113688;1204;2018-08-08;1
114239;1204;2018-08-09;1
114790;1204;2018-08-10;1
112628;1205;2018-08-06;1
113179;1205;2018-08-07;1
113730;1205;2018-08-08;1
114281;1205;2018-08-09;1
114832;1205;2018-08-10;1
112626;1207;2018-08-06;1
113177;1207;2018-08-07;1
113728;1207;2018-08-08;1
114279;1207;2018-08-09;1
114830;1207;2018-08-10;1
112883;1212;2018-08-06;1
113434;1212;2018-08-07;1
113985;1212;2018-08-08;1
114536;1212;2018-08-09;1
115087;1212;2018-08-10;1
112882;1213;2018-08-06;1
113433;1213;2018-08-07;1
113984;1213;2018-08-08;1
114535;1213;2018-08-09;1
115086;1213;2018-08-10;1
112884;1214;2018-08-06;1
113435;1214;2018-08-07;1
113986;1214;2018-08-08;1
114537;1214;2018-08-09;1
115088;1214;2018-08-10;1
112887;1215;2018-08-06;1
113438;1215;2018-08-07;1
113989;1215;2018-08-08;1
114540;1215;2018-08-09;1
115091;1215;2018-08-10;1
112905;1216;2018-08-06;1
113456;1216;2018-08-07;1
114007;1216;2018-08-08;1
114558;1216;2018-08-09;1
115109;1216;2018-08-10;1
112889;1217;2018-08-06;1
113440;1217;2018-08-07;1
113991;1217;2018-08-08;1
114542;1217;2018-08-09;1
115093;1217;2018-08-10;1
112890;1218;2018-08-06;1
113441;1218;2018-08-07;1
113992;1218;2018-08-08;1
114543;1218;2018-08-09;1
115094;1218;2018-08-10;1
112892;1219;2018-08-06;1
113443;1219;2018-08-07;1
113994;1219;2018-08-08;1
114545;1219;2018-08-09;1
115096;1219;2018-08-10;1
112896;1220;2018-08-06;1
113447;1220;2018-08-07;1
113998;1220;2018-08-08;1
114549;1220;2018-08-09;1
115100;1220;2018-08-10;1
112897;1221;2018-08-06;1
113448;1221;2018-08-07;1
113999;1221;2018-08-08;1
114550;1221;2018-08-09;1
115101;1221;2018-08-10;1
112900;1222;2018-08-06;1
113451;1222;2018-08-07;1
114002;1222;2018-08-08;1
114553;1222;2018-08-09;1
115104;1222;2018-08-10;1
112902;1223;2018-08-06;0
113453;1223;2018-08-07;0
114004;1223;2018-08-08;0
114555;1223;2018-08-09;1
115106;1223;2018-08-10;1
112906;1224;2018-08-06;1
113457;1224;2018-08-07;1
114008;1224;2018-08-08;1
114559;1224;2018-08-09;1
115110;1224;2018-08-10;1
112907;1225;2018-08-06;1
113458;1225;2018-08-07;1
114009;1225;2018-08-08;1
114560;1225;2018-08-09;1
115111;1225;2018-08-10;1
112909;1226;2018-08-06;1
113460;1226;2018-08-07;1
114011;1226;2018-08-08;1
114562;1226;2018-08-09;1
115113;1226;2018-08-10;1
112716;1227;2018-08-06;1
113267;1227;2018-08-07;1
113818;1227;2018-08-08;1
114369;1227;2018-08-09;1
114920;1227;2018-08-10;1
112715;1228;2018-08-06;1
113266;1228;2018-08-07;1
113817;1228;2018-08-08;1
114368;1228;2018-08-09;1
114919;1228;2018-08-10;1
112714;1229;2018-08-06;1
113265;1229;2018-08-07;1
113816;1229;2018-08-08;1
114367;1229;2018-08-09;1
114918;1229;2018-08-10;1
112721;1230;2018-08-06;1
113272;1230;2018-08-07;1
113823;1230;2018-08-08;1
114374;1230;2018-08-09;1
114925;1230;2018-08-10;1
112726;1231;2018-08-06;1
113277;1231;2018-08-07;1
113828;1231;2018-08-08;1
114379;1231;2018-08-09;1
114930;1231;2018-08-10;1
112730;1233;2018-08-06;1
113281;1233;2018-08-07;1
113832;1233;2018-08-08;1
114383;1233;2018-08-09;1
114934;1233;2018-08-10;1
112731;1234;2018-08-06;1
113282;1234;2018-08-07;1
113833;1234;2018-08-08;1
114384;1234;2018-08-09;1
114935;1234;2018-08-10;1
112728;1235;2018-08-06;1
113279;1235;2018-08-07;1
113830;1235;2018-08-08;1
114381;1235;2018-08-09;1
114932;1235;2018-08-10;1
112733;1236;2018-08-06;1
113284;1236;2018-08-07;1
113835;1236;2018-08-08;1
114386;1236;2018-08-09;1
114937;1236;2018-08-10;1
112724;1237;2018-08-06;1
113275;1237;2018-08-07;1
113826;1237;2018-08-08;1
114377;1237;2018-08-09;1
114928;1237;2018-08-10;1
113102;1300;2018-08-06;1
113653;1300;2018-08-07;1
114204;1300;2018-08-08;1
114755;1300;2018-08-09;1
115306;1300;2018-08-10;1
113106;1301;2018-08-06;1
113657;1301;2018-08-07;1
114208;1301;2018-08-08;1
114759;1301;2018-08-09;1
115310;1301;2018-08-10;1
113096;1302;2018-08-06;1
113647;1302;2018-08-07;1
114198;1302;2018-08-08;1
114749;1302;2018-08-09;1
115300;1302;2018-08-10;1
113095;1303;2018-08-06;1
113646;1303;2018-08-07;1
114197;1303;2018-08-08;1
114748;1303;2018-08-09;1
115299;1303;2018-08-10;1
113097;1304;2018-08-06;1
113648;1304;2018-08-07;1
114199;1304;2018-08-08;1
114750;1304;2018-08-09;1
115301;1304;2018-08-10;1
113108;1305;2018-08-06;1
113659;1305;2018-08-07;1
114210;1305;2018-08-08;1
114761;1305;2018-08-09;1
115312;1305;2018-08-10;1
113107;1306;2018-08-06;1
113658;1306;2018-08-07;1
114209;1306;2018-08-08;1
114760;1306;2018-08-09;1
115311;1306;2018-08-10;1
113091;1307;2018-08-06;1
113642;1307;2018-08-07;1
114193;1307;2018-08-08;1
114744;1307;2018-08-09;1
115295;1307;2018-08-10;1
113090;1308;2018-08-06;1
113641;1308;2018-08-07;1
114192;1308;2018-08-08;1
114743;1308;2018-08-09;1
115294;1308;2018-08-10;1
113087;1309;2018-08-06;1
113638;1309;2018-08-07;1
114189;1309;2018-08-08;1
114740;1309;2018-08-09;1
115291;1309;2018-08-10;1
113110;1310;2018-08-06;1
113661;1310;2018-08-07;1
114212;1310;2018-08-08;1
114763;1310;2018-08-09;1
115314;1310;2018-08-10;1
113088;1311;2018-08-06;1
113639;1311;2018-08-07;1
114190;1311;2018-08-08;1
114741;1311;2018-08-09;1
115292;1311;2018-08-10;1
113099;1312;2018-08-06;1
113650;1312;2018-08-07;1
114201;1312;2018-08-08;1
114752;1312;2018-08-09;1
115303;1312;2018-08-10;1
113109;1313;2018-08-06;1
113660;1313;2018-08-07;1
114211;1313;2018-08-08;1
114762;1313;2018-08-09;1
115313;1313;2018-08-10;1
113094;1314;2018-08-06;1
113645;1314;2018-08-07;1
114196;1314;2018-08-08;1
114747;1314;2018-08-09;1
115298;1314;2018-08-10;1
113093;1315;2018-08-06;1
113644;1315;2018-08-07;1
114195;1315;2018-08-08;1
114746;1315;2018-08-09;1
115297;1315;2018-08-10;1
113104;1316;2018-08-06;1
113655;1316;2018-08-07;1
114206;1316;2018-08-08;1
114757;1316;2018-08-09;1
115308;1316;2018-08-10;1
113101;1317;2018-08-06;1
113652;1317;2018-08-07;1
114203;1317;2018-08-08;1
114754;1317;2018-08-09;1
115305;1317;2018-08-10;1
112743;1322;2018-08-06;1
113294;1322;2018-08-07;1
113845;1322;2018-08-08;1
114396;1322;2018-08-09;1
114947;1322;2018-08-10;1
113100;1323;2018-08-06;1
113651;1323;2018-08-07;1
114202;1323;2018-08-08;1
114753;1323;2018-08-09;1
115304;1323;2018-08-10;1
112970;1400;2018-08-06;1
113521;1400;2018-08-07;1
114072;1400;2018-08-08;1
114623;1400;2018-08-09;1
115174;1400;2018-08-10;1
112954;1401;2018-08-06;1
113505;1401;2018-08-07;1
114056;1401;2018-08-08;1
114607;1401;2018-08-09;1
115158;1401;2018-08-10;1
112952;1402;2018-08-06;1
113503;1402;2018-08-07;1
114054;1402;2018-08-08;1
114605;1402;2018-08-09;1
115156;1402;2018-08-10;1
112957;1404;2018-08-06;1
113508;1404;2018-08-07;1
114059;1404;2018-08-08;1
114610;1404;2018-08-09;1
115161;1404;2018-08-10;1
112956;1405;2018-08-06;1
113507;1405;2018-08-07;1
114058;1405;2018-08-08;1
114609;1405;2018-08-09;1
115160;1405;2018-08-10;1
112958;1406;2018-08-06;1
113509;1406;2018-08-07;1
114060;1406;2018-08-08;1
114611;1406;2018-08-09;1
115162;1406;2018-08-10;1
112959;1407;2018-08-06;1
113510;1407;2018-08-07;1
114061;1407;2018-08-08;1
114612;1407;2018-08-09;1
115163;1407;2018-08-10;1
112961;1408;2018-08-06;1
113512;1408;2018-08-07;1
114063;1408;2018-08-08;1
114614;1408;2018-08-09;1
115165;1408;2018-08-10;1
112962;1409;2018-08-06;1
113513;1409;2018-08-07;1
114064;1409;2018-08-08;1
114615;1409;2018-08-09;1
115166;1409;2018-08-10;1
112966;1410;2018-08-06;1
113517;1410;2018-08-07;1
114068;1410;2018-08-08;1
114619;1410;2018-08-09;1
115170;1410;2018-08-10;1
112965;1411;2018-08-06;1
113516;1411;2018-08-07;1
114067;1411;2018-08-08;1
114618;1411;2018-08-09;1
115169;1411;2018-08-10;1
112967;1412;2018-08-06;1
113518;1412;2018-08-07;1
114069;1412;2018-08-08;1
114620;1412;2018-08-09;1
115171;1412;2018-08-10;1
112969;1413;2018-08-06;1
113520;1413;2018-08-07;1
114071;1413;2018-08-08;1
114622;1413;2018-08-09;1
115173;1413;2018-08-10;1
112971;1414;2018-08-06;1
113522;1414;2018-08-07;1
114073;1414;2018-08-08;1
114624;1414;2018-08-09;1
115175;1414;2018-08-10;1
112972;1415;2018-08-06;1
113523;1415;2018-08-07;1
114074;1415;2018-08-08;1
114625;1415;2018-08-09;1
115176;1415;2018-08-10;1
112984;1416;2018-08-06;1
113535;1416;2018-08-07;1
114086;1416;2018-08-08;1
114637;1416;2018-08-09;1
115188;1416;2018-08-10;1
112974;1417;2018-08-06;1
113525;1417;2018-08-07;1
114076;1417;2018-08-08;1
114627;1417;2018-08-09;1
115178;1417;2018-08-10;1
112973;1418;2018-08-06;1
113524;1418;2018-08-07;1
114075;1418;2018-08-08;1
114626;1418;2018-08-09;1
115177;1418;2018-08-10;1
112975;1419;2018-08-06;1
113526;1419;2018-08-07;1
114077;1419;2018-08-08;1
114628;1419;2018-08-09;1
115179;1419;2018-08-10;1
112976;1420;2018-08-06;1
113527;1420;2018-08-07;1
114078;1420;2018-08-08;1
114629;1420;2018-08-09;1
115180;1420;2018-08-10;1
112979;1421;2018-08-06;1
113530;1421;2018-08-07;1
114081;1421;2018-08-08;1
114632;1421;2018-08-09;1
115183;1421;2018-08-10;1
112978;1422;2018-08-06;1
113529;1422;2018-08-07;1
114080;1422;2018-08-08;1
114631;1422;2018-08-09;1
115182;1422;2018-08-10;1
112977;1423;2018-08-06;1
113528;1423;2018-08-07;1
114079;1423;2018-08-08;1
114630;1423;2018-08-09;1
115181;1423;2018-08-10;1
112980;1424;2018-08-06;1
113531;1424;2018-08-07;1
114082;1424;2018-08-08;1
114633;1424;2018-08-09;1
115184;1424;2018-08-10;1
112963;1425;2018-08-06;1
113514;1425;2018-08-07;1
114065;1425;2018-08-08;1
114616;1425;2018-08-09;1
115167;1425;2018-08-10;1
112982;1426;2018-08-06;1
113533;1426;2018-08-07;1
114084;1426;2018-08-08;1
114635;1426;2018-08-09;1
115186;1426;2018-08-10;1
112983;1427;2018-08-06;1
113534;1427;2018-08-07;1
114085;1427;2018-08-08;1
114636;1427;2018-08-09;1
115187;1427;2018-08-10;1
112981;1428;2018-08-06;1
113532;1428;2018-08-07;1
114083;1428;2018-08-08;1
114634;1428;2018-08-09;1
115185;1428;2018-08-10;1
112985;1429;2018-08-06;1
113536;1429;2018-08-07;1
114087;1429;2018-08-08;1
114638;1429;2018-08-09;1
115189;1429;2018-08-10;1
112986;1430;2018-08-06;1
113537;1430;2018-08-07;1
114088;1430;2018-08-08;1
114639;1430;2018-08-09;1
115190;1430;2018-08-10;1
112968;1431;2018-08-06;1
113519;1431;2018-08-07;1
114070;1431;2018-08-08;1
114621;1431;2018-08-09;1
115172;1431;2018-08-10;1
112988;1432;2018-08-06;1
113539;1432;2018-08-07;1
114090;1432;2018-08-08;1
114641;1432;2018-08-09;1
115192;1432;2018-08-10;1
112987;1433;2018-08-06;1
113538;1433;2018-08-07;1
114089;1433;2018-08-08;1
114640;1433;2018-08-09;1
115191;1433;2018-08-10;1
112964;1434;2018-08-06;1
113515;1434;2018-08-07;1
114066;1434;2018-08-08;1
114617;1434;2018-08-09;1
115168;1434;2018-08-10;1
112955;1435;2018-08-06;1
113506;1435;2018-08-07;1
114057;1435;2018-08-08;1
114608;1435;2018-08-09;1
115159;1435;2018-08-10;1
112960;1436;2018-08-06;1
113511;1436;2018-08-07;1
114062;1436;2018-08-08;1
114613;1436;2018-08-09;1
115164;1436;2018-08-10;1
112992;1437;2018-08-06;1
113543;1437;2018-08-07;1
114094;1437;2018-08-08;1
114645;1437;2018-08-09;1
115196;1437;2018-08-10;1
112990;1439;2018-08-06;1
113541;1439;2018-08-07;1
114092;1439;2018-08-08;1
114643;1439;2018-08-09;1
115194;1439;2018-08-10;1
112991;1440;2018-08-06;1
113542;1440;2018-08-07;1
114093;1440;2018-08-08;1
114644;1440;2018-08-09;1
115195;1440;2018-08-10;1
112948;1441;2018-08-06;1
113499;1441;2018-08-07;1
114050;1441;2018-08-08;1
114601;1441;2018-08-09;1
115152;1441;2018-08-10;1
112949;1442;2018-08-06;1
113500;1442;2018-08-07;1
114051;1442;2018-08-08;1
114602;1442;2018-08-09;1
115153;1442;2018-08-10;1
112950;1443;2018-08-06;1
113501;1443;2018-08-07;1
114052;1443;2018-08-08;1
114603;1443;2018-08-09;1
115154;1443;2018-08-10;1
112951;1444;2018-08-06;1
113502;1444;2018-08-07;1
114053;1444;2018-08-08;1
114604;1444;2018-08-09;1
115155;1444;2018-08-10;1
112843;1451;2018-08-06;1
113394;1451;2018-08-07;1
113945;1451;2018-08-08;1
114496;1451;2018-08-09;1
115047;1451;2018-08-10;1
112846;1452;2018-08-06;1
113397;1452;2018-08-07;1
113948;1452;2018-08-08;1
114499;1452;2018-08-09;1
115050;1452;2018-08-10;1
112851;1453;2018-08-06;1
113402;1453;2018-08-07;1
113953;1453;2018-08-08;1
114504;1453;2018-08-09;1
115055;1453;2018-08-10;1
112855;1454;2018-08-06;1
113406;1454;2018-08-07;1
113957;1454;2018-08-08;1
114508;1454;2018-08-09;1
115059;1454;2018-08-10;1
112848;1455;2018-08-06;1
113399;1455;2018-08-07;1
113950;1455;2018-08-08;1
114501;1455;2018-08-09;1
115052;1455;2018-08-10;1
112858;1456;2018-08-06;1
113409;1456;2018-08-07;1
113960;1456;2018-08-08;1
114511;1456;2018-08-09;1
115062;1456;2018-08-10;1
112864;1457;2018-08-06;1
113415;1457;2018-08-07;1
113966;1457;2018-08-08;1
114517;1457;2018-08-09;1
115068;1457;2018-08-10;1
112868;1458;2018-08-06;1
113419;1458;2018-08-07;1
113970;1458;2018-08-08;1
114521;1458;2018-08-09;1
115072;1458;2018-08-10;1
112872;1459;2018-08-06;1
113423;1459;2018-08-07;1
113974;1459;2018-08-08;1
114525;1459;2018-08-09;1
115076;1459;2018-08-10;1
112873;1460;2018-08-06;1
113424;1460;2018-08-07;1
113975;1460;2018-08-08;1
114526;1460;2018-08-09;1
115077;1460;2018-08-10;1
112866;1461;2018-08-06;1
113417;1461;2018-08-07;1
113968;1461;2018-08-08;1
114519;1461;2018-08-09;1
115070;1461;2018-08-10;1
112876;1462;2018-08-06;1
113427;1462;2018-08-07;1
113978;1462;2018-08-08;1
114529;1462;2018-08-09;1
115080;1462;2018-08-10;1
112879;1463;2018-08-06;1
113430;1463;2018-08-07;1
113981;1463;2018-08-08;1
114532;1463;2018-08-09;1
115083;1463;2018-08-10;1
112841;1464;2018-08-06;1
113392;1464;2018-08-07;1
113943;1464;2018-08-08;1
114494;1464;2018-08-09;1
115045;1464;2018-08-10;1
112861;1465;2018-08-06;1
113412;1465;2018-08-07;1
113963;1465;2018-08-08;1
114514;1465;2018-08-09;1
115065;1465;2018-08-10;1
112870;1466;2018-08-06;1
113421;1466;2018-08-07;1
113972;1466;2018-08-08;1
114523;1466;2018-08-09;1
115074;1466;2018-08-10;1
112845;1467;2018-08-06;1
113396;1467;2018-08-07;1
113947;1467;2018-08-08;1
114498;1467;2018-08-09;1
115049;1467;2018-08-10;1
112863;1468;2018-08-06;1
113414;1468;2018-08-07;1
113965;1468;2018-08-08;1
114516;1468;2018-08-09;1
115067;1468;2018-08-10;1
112854;1469;2018-08-06;1
113405;1469;2018-08-07;1
113956;1469;2018-08-08;1
114507;1469;2018-08-09;1
115058;1469;2018-08-10;1
112847;1470;2018-08-06;1
113398;1470;2018-08-07;1
113949;1470;2018-08-08;1
114500;1470;2018-08-09;1
115051;1470;2018-08-10;1
112849;1471;2018-08-06;1
113400;1471;2018-08-07;1
113951;1471;2018-08-08;1
114502;1471;2018-08-09;1
115053;1471;2018-08-10;1
112850;1472;2018-08-06;1
113401;1472;2018-08-07;1
113952;1472;2018-08-08;1
114503;1472;2018-08-09;1
115054;1472;2018-08-10;1
112862;1473;2018-08-06;1
113413;1473;2018-08-07;1
113964;1473;2018-08-08;1
114515;1473;2018-08-09;1
115066;1473;2018-08-10;1
112867;1474;2018-08-06;1
113418;1474;2018-08-07;1
113969;1474;2018-08-08;1
114520;1474;2018-08-09;1
115071;1474;2018-08-10;1
112875;1475;2018-08-06;1
113426;1475;2018-08-07;1
113977;1475;2018-08-08;1
114528;1475;2018-08-09;1
115079;1475;2018-08-10;1
112880;1476;2018-08-06;1
113431;1476;2018-08-07;1
113982;1476;2018-08-08;1
114533;1476;2018-08-09;1
115084;1476;2018-08-10;1
112878;1477;2018-08-06;1
113429;1477;2018-08-07;1
113980;1477;2018-08-08;1
114531;1477;2018-08-09;1
115082;1477;2018-08-10;1
112874;1478;2018-08-06;1
113425;1478;2018-08-07;1
113976;1478;2018-08-08;1
114527;1478;2018-08-09;1
115078;1478;2018-08-10;1
112877;1479;2018-08-06;1
113428;1479;2018-08-07;1
113979;1479;2018-08-08;1
114530;1479;2018-08-09;1
115081;1479;2018-08-10;1
112852;1480;2018-08-06;1
113403;1480;2018-08-07;1
113954;1480;2018-08-08;1
114505;1480;2018-08-09;1
115056;1480;2018-08-10;1
112871;1481;2018-08-06;1
113422;1481;2018-08-07;1
113973;1481;2018-08-08;1
114524;1481;2018-08-09;1
115075;1481;2018-08-10;1
112844;1482;2018-08-06;1
113395;1482;2018-08-07;1
113946;1482;2018-08-08;1
114497;1482;2018-08-09;1
115048;1482;2018-08-10;1
112857;1483;2018-08-06;1
113408;1483;2018-08-07;1
113959;1483;2018-08-08;1
114510;1483;2018-08-09;1
115061;1483;2018-08-10;1
112853;1484;2018-08-06;0
113404;1484;2018-08-07;1
113955;1484;2018-08-08;1
114506;1484;2018-08-09;1
115057;1484;2018-08-10;1
112865;1485;2018-08-06;1
113416;1485;2018-08-07;1
113967;1485;2018-08-08;1
114518;1485;2018-08-09;1
115069;1485;2018-08-10;1
112860;1486;2018-08-06;1
113411;1486;2018-08-07;1
113962;1486;2018-08-08;1
114513;1486;2018-08-09;1
115064;1486;2018-08-10;1
112856;1487;2018-08-06;0
113407;1487;2018-08-07;0
113958;1487;2018-08-08;0
114509;1487;2018-08-09;0
115060;1487;2018-08-10;0
112859;1488;2018-08-06;1
113410;1488;2018-08-07;1
113961;1488;2018-08-08;1
114512;1488;2018-08-09;1
115063;1488;2018-08-10;1
112634;1500;2018-08-06;1
113185;1500;2018-08-07;1
113736;1500;2018-08-08;1
114287;1500;2018-08-09;1
114838;1500;2018-08-10;1
112635;1502;2018-08-06;1
113186;1502;2018-08-07;1
113737;1502;2018-08-08;1
114288;1502;2018-08-09;1
114839;1502;2018-08-10;1
112638;1503;2018-08-06;1
113189;1503;2018-08-07;1
113740;1503;2018-08-08;1
114291;1503;2018-08-09;1
114842;1503;2018-08-10;1
112639;1504;2018-08-06;1
113190;1504;2018-08-07;1
113741;1504;2018-08-08;1
114292;1504;2018-08-09;1
114843;1504;2018-08-10;1
112640;1505;2018-08-06;1
113191;1505;2018-08-07;1
113742;1505;2018-08-08;1
114293;1505;2018-08-09;1
114844;1505;2018-08-10;1
112642;1506;2018-08-06;1
113193;1506;2018-08-07;1
113744;1506;2018-08-08;1
114295;1506;2018-08-09;1
114846;1506;2018-08-10;1
112643;1507;2018-08-06;1
113194;1507;2018-08-07;1
113745;1507;2018-08-08;1
114296;1507;2018-08-09;1
114847;1507;2018-08-10;1
112648;1508;2018-08-06;1
113199;1508;2018-08-07;1
113750;1508;2018-08-08;1
114301;1508;2018-08-09;1
114852;1508;2018-08-10;1
112652;1509;2018-08-06;1
113203;1509;2018-08-07;1
113754;1509;2018-08-08;1
114305;1509;2018-08-09;1
114856;1509;2018-08-10;1
112646;1510;2018-08-06;1
113197;1510;2018-08-07;1
113748;1510;2018-08-08;1
114299;1510;2018-08-09;1
114850;1510;2018-08-10;1
112649;1511;2018-08-06;1
113200;1511;2018-08-07;1
113751;1511;2018-08-08;1
114302;1511;2018-08-09;1
114853;1511;2018-08-10;1
112654;1512;2018-08-06;1
113205;1512;2018-08-07;1
113756;1512;2018-08-08;1
114307;1512;2018-08-09;1
114858;1512;2018-08-10;1
112644;1513;2018-08-06;1
113195;1513;2018-08-07;1
113746;1513;2018-08-08;1
114297;1513;2018-08-09;1
114848;1513;2018-08-10;1
112636;1514;2018-08-06;1
113187;1514;2018-08-07;1
113738;1514;2018-08-08;1
114289;1514;2018-08-09;1
114840;1514;2018-08-10;1
112637;1515;2018-08-06;1
113188;1515;2018-08-07;1
113739;1515;2018-08-08;1
114290;1515;2018-08-09;1
114841;1515;2018-08-10;1
112645;1516;2018-08-06;1
113196;1516;2018-08-07;1
113747;1516;2018-08-08;1
114298;1516;2018-08-09;1
114849;1516;2018-08-10;1
112650;1517;2018-08-06;1
113201;1517;2018-08-07;1
113752;1517;2018-08-08;1
114303;1517;2018-08-09;1
114854;1517;2018-08-10;1
112653;1518;2018-08-06;1
113204;1518;2018-08-07;1
113755;1518;2018-08-08;1
114306;1518;2018-08-09;1
114857;1518;2018-08-10;1
112663;1520;2018-08-06;1
113214;1520;2018-08-07;1
113765;1520;2018-08-08;1
114316;1520;2018-08-09;1
114867;1520;2018-08-10;1
112667;1521;2018-08-06;1
113218;1521;2018-08-07;1
113769;1521;2018-08-08;1
114320;1521;2018-08-09;1
114871;1521;2018-08-10;1
112668;1522;2018-08-06;1
113219;1522;2018-08-07;1
113770;1522;2018-08-08;1
114321;1522;2018-08-09;1
114872;1522;2018-08-10;1
112672;1523;2018-08-06;1
113223;1523;2018-08-07;1
113774;1523;2018-08-08;1
114325;1523;2018-08-09;1
114876;1523;2018-08-10;1
112641;1524;2018-08-06;1
113192;1524;2018-08-07;1
113743;1524;2018-08-08;1
114294;1524;2018-08-09;1
114845;1524;2018-08-10;1
112658;1525;2018-08-06;1
113209;1525;2018-08-07;1
113760;1525;2018-08-08;1
114311;1525;2018-08-09;1
114862;1525;2018-08-10;1
112657;1526;2018-08-06;1
113208;1526;2018-08-07;1
113759;1526;2018-08-08;1
114310;1526;2018-08-09;1
114861;1526;2018-08-10;1
112656;1527;2018-08-06;0
113207;1527;2018-08-07;0
113758;1527;2018-08-08;0
114309;1527;2018-08-09;1
114860;1527;2018-08-10;1
112671;1528;2018-08-06;1
113222;1528;2018-08-07;1
113773;1528;2018-08-08;1
114324;1528;2018-08-09;1
114875;1528;2018-08-10;1
112937;1529;2018-08-06;1
113488;1529;2018-08-07;0
114039;1529;2018-08-08;0
114590;1529;2018-08-09;1
115141;1529;2018-08-10;1
112941;1530;2018-08-06;1
113492;1530;2018-08-07;1
114043;1530;2018-08-08;1
114594;1530;2018-08-09;1
115145;1530;2018-08-10;1
112920;1531;2018-08-06;1
113471;1531;2018-08-07;1
114022;1531;2018-08-08;1
114573;1531;2018-08-09;1
115124;1531;2018-08-10;1
112931;1532;2018-08-06;1
113482;1532;2018-08-07;1
114033;1532;2018-08-08;1
114584;1532;2018-08-09;1
115135;1532;2018-08-10;1
112946;1533;2018-08-06;1
113497;1533;2018-08-07;1
114048;1533;2018-08-08;1
114599;1533;2018-08-09;1
115150;1533;2018-08-10;1
112925;1534;2018-08-06;1
113476;1534;2018-08-07;1
114027;1534;2018-08-08;1
114578;1534;2018-08-09;1
115129;1534;2018-08-10;1
112935;1535;2018-08-06;1
113486;1535;2018-08-07;1
114037;1535;2018-08-08;1
114588;1535;2018-08-09;1
115139;1535;2018-08-10;1
112924;1536;2018-08-06;1
113475;1536;2018-08-07;1
114026;1536;2018-08-08;1
114577;1536;2018-08-09;1
115128;1536;2018-08-10;1
112945;1537;2018-08-06;1
113496;1537;2018-08-07;1
114047;1537;2018-08-08;1
114598;1537;2018-08-09;1
115149;1537;2018-08-10;1
112923;1538;2018-08-06;1
113474;1538;2018-08-07;1
114025;1538;2018-08-08;1
114576;1538;2018-08-09;1
115127;1538;2018-08-10;1
112947;1539;2018-08-06;1
113498;1539;2018-08-07;1
114049;1539;2018-08-08;1
114600;1539;2018-08-09;1
115151;1539;2018-08-10;1
112659;1540;2018-08-06;1
113210;1540;2018-08-07;1
113761;1540;2018-08-08;1
114312;1540;2018-08-09;1
114863;1540;2018-08-10;1
112647;1541;2018-08-06;1
113198;1541;2018-08-07;1
113749;1541;2018-08-08;1
114300;1541;2018-08-09;1
114851;1541;2018-08-10;1
112651;1542;2018-08-06;1
113202;1542;2018-08-07;1
113753;1542;2018-08-08;1
114304;1542;2018-08-09;1
114855;1542;2018-08-10;1
112655;1543;2018-08-06;1
113206;1543;2018-08-07;1
113757;1543;2018-08-08;1
114308;1543;2018-08-09;1
114859;1543;2018-08-10;1
112660;1544;2018-08-06;1
113211;1544;2018-08-07;1
113762;1544;2018-08-08;1
114313;1544;2018-08-09;1
114864;1544;2018-08-10;1
112664;1546;2018-08-06;1
113215;1546;2018-08-07;1
113766;1546;2018-08-08;1
114317;1546;2018-08-09;1
114868;1546;2018-08-10;1
112669;1548;2018-08-06;1
113220;1548;2018-08-07;1
113771;1548;2018-08-08;1
114322;1548;2018-08-09;1
114873;1548;2018-08-10;1
112936;1600;2018-08-06;1
113487;1600;2018-08-07;1
114038;1600;2018-08-08;1
114589;1600;2018-08-09;1
115140;1600;2018-08-10;1
112942;1601;2018-08-06;1
113493;1601;2018-08-07;1
114044;1601;2018-08-08;1
114595;1601;2018-08-09;1
115146;1601;2018-08-10;1
112944;1602;2018-08-06;1
113495;1602;2018-08-07;1
114046;1602;2018-08-08;1
114597;1602;2018-08-09;1
115148;1602;2018-08-10;1
112933;1603;2018-08-06;1
113484;1603;2018-08-07;1
114035;1603;2018-08-08;1
114586;1603;2018-08-09;1
115137;1603;2018-08-10;1
112934;1604;2018-08-06;1
113485;1604;2018-08-07;1
114036;1604;2018-08-08;1
114587;1604;2018-08-09;1
115138;1604;2018-08-10;1
112932;1605;2018-08-06;1
113483;1605;2018-08-07;1
114034;1605;2018-08-08;1
114585;1605;2018-08-09;1
115136;1605;2018-08-10;1
112927;1606;2018-08-06;1
113478;1606;2018-08-07;1
114029;1606;2018-08-08;1
114580;1606;2018-08-09;1
115131;1606;2018-08-10;1
112928;1609;2018-08-06;1
113479;1609;2018-08-07;1
114030;1609;2018-08-08;1
114581;1609;2018-08-09;1
115132;1609;2018-08-10;1
112921;1610;2018-08-06;1
113472;1610;2018-08-07;1
114023;1610;2018-08-08;1
114574;1610;2018-08-09;1
115125;1610;2018-08-10;1
112922;1611;2018-08-06;1
113473;1611;2018-08-07;1
114024;1611;2018-08-08;1
114575;1611;2018-08-09;1
115126;1611;2018-08-10;1
112938;1612;2018-08-06;1
113489;1612;2018-08-07;1
114040;1612;2018-08-08;1
114591;1612;2018-08-09;1
115142;1612;2018-08-10;1
112930;1613;2018-08-06;1
113481;1613;2018-08-07;1
114032;1613;2018-08-08;1
114583;1613;2018-08-09;1
115134;1613;2018-08-10;1
112926;1614;2018-08-06;1
113477;1614;2018-08-07;1
114028;1614;2018-08-08;1
114579;1614;2018-08-09;1
115130;1614;2018-08-10;1
112929;1615;2018-08-06;0
113480;1615;2018-08-07;0
114031;1615;2018-08-08;1
114582;1615;2018-08-09;0
115133;1615;2018-08-10;0
112939;1616;2018-08-06;1
113490;1616;2018-08-07;1
114041;1616;2018-08-08;1
114592;1616;2018-08-09;1
115143;1616;2018-08-10;1
112940;1617;2018-08-06;0
113491;1617;2018-08-07;0
114042;1617;2018-08-08;0
114593;1617;2018-08-09;1
115144;1617;2018-08-10;1
112943;1618;2018-08-06;1
113494;1618;2018-08-07;1
114045;1618;2018-08-08;1
114596;1618;2018-08-09;1
115147;1618;2018-08-10;1
112587;1650;2018-08-06;1
113138;1650;2018-08-07;1
113689;1650;2018-08-08;1
114240;1650;2018-08-09;1
114791;1650;2018-08-10;1
112590;1651;2018-08-06;1
113141;1651;2018-08-07;1
113692;1651;2018-08-08;1
114243;1651;2018-08-09;1
114794;1651;2018-08-10;1
112601;1653;2018-08-06;1
113152;1653;2018-08-07;1
113703;1653;2018-08-08;1
114254;1653;2018-08-09;1
114805;1653;2018-08-10;1
112589;1654;2018-08-06;1
113140;1654;2018-08-07;1
113691;1654;2018-08-08;1
114242;1654;2018-08-09;1
114793;1654;2018-08-10;1
112592;1655;2018-08-06;1
113143;1655;2018-08-07;1
113694;1655;2018-08-08;1
114245;1655;2018-08-09;1
114796;1655;2018-08-10;1
112605;1656;2018-08-06;1
113156;1656;2018-08-07;1
113707;1656;2018-08-08;1
114258;1656;2018-08-09;1
114809;1656;2018-08-10;1
112584;1658;2018-08-06;1
113135;1658;2018-08-07;1
113686;1658;2018-08-08;1
114237;1658;2018-08-09;1
114788;1658;2018-08-10;1
112624;1663;2018-08-06;1
113175;1663;2018-08-07;1
113726;1663;2018-08-08;1
114277;1663;2018-08-09;1
114828;1663;2018-08-10;1
112623;1664;2018-08-06;1
113174;1664;2018-08-07;1
113725;1664;2018-08-08;1
114276;1664;2018-08-09;1
114827;1664;2018-08-10;1
112625;1665;2018-08-06;1
113176;1665;2018-08-07;1
113727;1665;2018-08-08;1
114278;1665;2018-08-09;1
114829;1665;2018-08-10;1
112629;1666;2018-08-06;1
113180;1666;2018-08-07;1
113731;1666;2018-08-08;1
114282;1666;2018-08-09;1
114833;1666;2018-08-10;1
112627;1667;2018-08-06;1
113178;1667;2018-08-07;1
113729;1667;2018-08-08;1
114280;1667;2018-08-09;1
114831;1667;2018-08-10;1
112632;1668;2018-08-06;1
113183;1668;2018-08-07;1
113734;1668;2018-08-08;1
114285;1668;2018-08-09;1
114836;1668;2018-08-10;1
112631;1669;2018-08-06;1
113182;1669;2018-08-07;1
113733;1669;2018-08-08;1
114284;1669;2018-08-09;1
114835;1669;2018-08-10;1
112588;1670;2018-08-06;1
113139;1670;2018-08-07;1
113690;1670;2018-08-08;1
114241;1670;2018-08-09;1
114792;1670;2018-08-10;1
112606;1671;2018-08-06;1
113157;1671;2018-08-07;1
113708;1671;2018-08-08;1
114259;1671;2018-08-09;1
114810;1671;2018-08-10;1
112594;1680;2018-08-06;1
113145;1680;2018-08-07;1
113696;1680;2018-08-08;1
114247;1680;2018-08-09;1
114798;1680;2018-08-10;1
112869;1682;2018-08-06;0
113420;1682;2018-08-07;0
113971;1682;2018-08-08;0
114522;1682;2018-08-09;1
115073;1682;2018-08-10;1
112842;1683;2018-08-06;1
113393;1683;2018-08-07;1
113944;1683;2018-08-08;1
114495;1683;2018-08-09;1
115046;1683;2018-08-10;1
112744;3600;2018-08-06;1
113295;3600;2018-08-07;1
113846;3600;2018-08-08;1
114397;3600;2018-08-09;1
114948;3600;2018-08-10;1
112756;3601;2018-08-06;0
113307;3601;2018-08-07;0
113858;3601;2018-08-08;0
114409;3601;2018-08-09;0
114960;3601;2018-08-10;0
113112;3602;2018-08-06;0
113663;3602;2018-08-07;0
114214;3602;2018-08-08;0
114765;3602;2018-08-09;0
115316;3602;2018-08-10;0
112746;3603;2018-08-06;0
113297;3603;2018-08-07;1
113848;3603;2018-08-08;0
114399;3603;2018-08-09;0
114950;3603;2018-08-10;0
112748;3604;2018-08-06;0
113299;3604;2018-08-07;0
113850;3604;2018-08-08;1
114401;3604;2018-08-09;1
114952;3604;2018-08-10;1
112749;3605;2018-08-06;0
113300;3605;2018-08-07;0
113851;3605;2018-08-08;0
114402;3605;2018-08-09;0
114953;3605;2018-08-10;0
112750;3606;2018-08-06;1
113301;3606;2018-08-07;1
113852;3606;2018-08-08;1
114403;3606;2018-08-09;1
114954;3606;2018-08-10;1
112755;3607;2018-08-06;1
113306;3607;2018-08-07;1
113857;3607;2018-08-08;1
114408;3607;2018-08-09;1
114959;3607;2018-08-10;1
112751;3609;2018-08-06;1
113302;3609;2018-08-07;1
113853;3609;2018-08-08;1
114404;3609;2018-08-09;1
114955;3609;2018-08-10;1
112752;3611;2018-08-06;0
113303;3611;2018-08-07;0
113854;3611;2018-08-08;0
114405;3611;2018-08-09;0
114956;3611;2018-08-10;0
112758;3612;2018-08-06;1
113309;3612;2018-08-07;1
113860;3612;2018-08-08;1
114411;3612;2018-08-09;1
114962;3612;2018-08-10;1
112753;3613;2018-08-06;0
113304;3613;2018-08-07;0
113855;3613;2018-08-08;1
114406;3613;2018-08-09;1
114957;3613;2018-08-10;1
113123;3615;2018-08-06;0
113674;3615;2018-08-07;0
114225;3615;2018-08-08;0
114776;3615;2018-08-09;0
115327;3615;2018-08-10;1
112747;3616;2018-08-06;0
113298;3616;2018-08-07;1
113849;3616;2018-08-08;0
114400;3616;2018-08-09;0
114951;3616;2018-08-10;0
112754;3617;2018-08-06;0
113305;3617;2018-08-07;0
113856;3617;2018-08-08;1
114407;3617;2018-08-09;1
114958;3617;2018-08-10;1
112757;3618;2018-08-06;0
113308;3618;2018-08-07;0
113859;3618;2018-08-08;0
114410;3618;2018-08-09;0
114961;3618;2018-08-10;0
112759;3619;2018-08-06;0
113310;3619;2018-08-07;0
113861;3619;2018-08-08;0
114412;3619;2018-08-09;0
114963;3619;2018-08-10;0
113129;3620;2018-08-06;0
113680;3620;2018-08-07;0
114231;3620;2018-08-08;1
114782;3620;2018-08-09;1
115333;3620;2018-08-10;1
112745;3621;2018-08-06;0
113296;3621;2018-08-07;0
113847;3621;2018-08-08;0
114398;3621;2018-08-09;0
114949;3621;2018-08-10;0
113079;3800;2018-08-06;1
113630;3800;2018-08-07;1
114181;3800;2018-08-08;1
114732;3800;2018-08-09;1
115283;3800;2018-08-10;1
113062;3801;2018-08-06;1
113613;3801;2018-08-07;1
114164;3801;2018-08-08;1
114715;3801;2018-08-09;1
115266;3801;2018-08-10;1
113063;3802;2018-08-06;1
113614;3802;2018-08-07;1
114165;3802;2018-08-08;1
114716;3802;2018-08-09;1
115267;3802;2018-08-10;1
113071;3803;2018-08-06;1
113622;3803;2018-08-07;1
114173;3803;2018-08-08;1
114724;3803;2018-08-09;1
115275;3803;2018-08-10;1
113121;3804;2018-08-06;1
113672;3804;2018-08-07;1
114223;3804;2018-08-08;1
114774;3804;2018-08-09;1
115325;3804;2018-08-10;1
113132;3805;2018-08-06;1
113683;3805;2018-08-07;1
114234;3805;2018-08-08;1
114785;3805;2018-08-09;1
115336;3805;2018-08-10;1
113120;3806;2018-08-06;1
113671;3806;2018-08-07;1
114222;3806;2018-08-08;1
114773;3806;2018-08-09;1
115324;3806;2018-08-10;1
113069;3807;2018-08-06;1
113620;3807;2018-08-07;1
114171;3807;2018-08-08;1
114722;3807;2018-08-09;1
115273;3807;2018-08-10;1
113064;3808;2018-08-06;1
113615;3808;2018-08-07;1
114166;3808;2018-08-08;1
114717;3808;2018-08-09;1
115268;3808;2018-08-10;1
113117;3809;2018-08-06;1
113668;3809;2018-08-07;1
114219;3809;2018-08-08;1
114770;3809;2018-08-09;1
115321;3809;2018-08-10;1
113115;3810;2018-08-06;1
113666;3810;2018-08-07;1
114217;3810;2018-08-08;1
114768;3810;2018-08-09;1
115319;3810;2018-08-10;1
113065;3811;2018-08-06;1
113616;3811;2018-08-07;1
114167;3811;2018-08-08;1
114718;3811;2018-08-09;1
115269;3811;2018-08-10;1
113066;3813;2018-08-06;1
113617;3813;2018-08-07;1
114168;3813;2018-08-08;1
114719;3813;2018-08-09;1
115270;3813;2018-08-10;1
113067;3814;2018-08-06;1
113618;3814;2018-08-07;1
114169;3814;2018-08-08;1
114720;3814;2018-08-09;1
115271;3814;2018-08-10;1
113125;3815;2018-08-06;1
113676;3815;2018-08-07;1
114227;3815;2018-08-08;1
114778;3815;2018-08-09;1
115329;3815;2018-08-10;1
113068;3816;2018-08-06;1
113619;3816;2018-08-07;1
114170;3816;2018-08-08;1
114721;3816;2018-08-09;1
115272;3816;2018-08-10;1
113077;3817;2018-08-06;1
113628;3817;2018-08-07;1
114179;3817;2018-08-08;1
114730;3817;2018-08-09;1
115281;3817;2018-08-10;1
113078;3818;2018-08-06;1
113629;3818;2018-08-07;1
114180;3818;2018-08-08;1
114731;3818;2018-08-09;1
115282;3818;2018-08-10;1
113070;3819;2018-08-06;1
113621;3819;2018-08-07;1
114172;3819;2018-08-08;1
114723;3819;2018-08-09;1
115274;3819;2018-08-10;1
113072;3820;2018-08-06;1
113623;3820;2018-08-07;1
114174;3820;2018-08-08;1
114725;3820;2018-08-09;1
115276;3820;2018-08-10;1
113073;3821;2018-08-06;1
113624;3821;2018-08-07;1
114175;3821;2018-08-08;1
114726;3821;2018-08-09;1
115277;3821;2018-08-10;1
113074;3822;2018-08-06;1
113625;3822;2018-08-07;1
114176;3822;2018-08-08;1
114727;3822;2018-08-09;1
115278;3822;2018-08-10;1
113124;3823;2018-08-06;1
113675;3823;2018-08-07;1
114226;3823;2018-08-08;1
114777;3823;2018-08-09;1
115328;3823;2018-08-10;1
113075;3824;2018-08-06;1
113626;3824;2018-08-07;1
114177;3824;2018-08-08;1
114728;3824;2018-08-09;1
115279;3824;2018-08-10;1
113076;3825;2018-08-06;1
113627;3825;2018-08-07;1
114178;3825;2018-08-08;1
114729;3825;2018-08-09;1
115280;3825;2018-08-10;1
113080;3826;2018-08-06;1
113631;3826;2018-08-07;1
114182;3826;2018-08-08;1
114733;3826;2018-08-09;1
115284;3826;2018-08-10;1
112910;5202;2018-08-06;1
113461;5202;2018-08-07;1
114012;5202;2018-08-08;1
114563;5202;2018-08-09;1
115114;5202;2018-08-10;1
112919;5203;2018-08-06;1
113470;5203;2018-08-07;1
114021;5203;2018-08-08;1
114572;5203;2018-08-09;1
115123;5203;2018-08-10;1
113111;5204;2018-08-06;0
113662;5204;2018-08-07;0
114213;5204;2018-08-08;0
114764;5204;2018-08-09;0
115315;5204;2018-08-10;0
113113;5207;2018-08-06;1
113664;5207;2018-08-07;1
114215;5207;2018-08-08;1
114766;5207;2018-08-09;1
115317;5207;2018-08-10;1
113116;5209;2018-08-06;1
113667;5209;2018-08-07;1
114218;5209;2018-08-08;1
114769;5209;2018-08-09;1
115320;5209;2018-08-10;1
112911;5210;2018-08-06;1
113462;5210;2018-08-07;1
114013;5210;2018-08-08;1
114564;5210;2018-08-09;1
115115;5210;2018-08-10;1
113119;5211;2018-08-06;0
113670;5211;2018-08-07;0
114221;5211;2018-08-08;0
114772;5211;2018-08-09;0
115323;5211;2018-08-10;0
113122;5212;2018-08-06;1
113673;5212;2018-08-07;1
114224;5212;2018-08-08;1
114775;5212;2018-08-09;1
115326;5212;2018-08-10;1
112915;5213;2018-08-06;1
113466;5213;2018-08-07;1
114017;5213;2018-08-08;1
114568;5213;2018-08-09;1
115119;5213;2018-08-10;1
112916;5214;2018-08-06;1
113467;5214;2018-08-07;1
114018;5214;2018-08-08;1
114569;5214;2018-08-09;1
115120;5214;2018-08-10;1
112917;5215;2018-08-06;1
113468;5215;2018-08-07;1
114019;5215;2018-08-08;1
114570;5215;2018-08-09;1
115121;5215;2018-08-10;1
112918;5217;2018-08-06;1
113469;5217;2018-08-07;1
114020;5217;2018-08-08;1
114571;5217;2018-08-09;1
115122;5217;2018-08-10;1
113126;5218;2018-08-06;0
113677;5218;2018-08-07;0
114228;5218;2018-08-08;0
114779;5218;2018-08-09;0
115330;5218;2018-08-10;0
112912;5219;2018-08-06;1
113463;5219;2018-08-07;1
114014;5219;2018-08-08;1
114565;5219;2018-08-09;1
115116;5219;2018-08-10;1
112913;5220;2018-08-06;0
113464;5220;2018-08-07;0
114015;5220;2018-08-08;0
114566;5220;2018-08-09;0
115117;5220;2018-08-10;0
113130;5221;2018-08-06;0
113681;5221;2018-08-07;0
114232;5221;2018-08-08;0
114783;5221;2018-08-09;0
115334;5221;2018-08-10;0
112914;5222;2018-08-06;1
113465;5222;2018-08-07;1
114016;5222;2018-08-08;1
114567;5222;2018-08-09;1
115118;5222;2018-08-10;1
112832;5300;2018-08-06;1
113383;5300;2018-08-07;1
113934;5300;2018-08-08;1
114485;5300;2018-08-09;1
115036;5300;2018-08-10;1
113127;5301;2018-08-06;1
113678;5301;2018-08-07;1
114229;5301;2018-08-08;1
114780;5301;2018-08-09;1
115331;5301;2018-08-10;1
112833;5302;2018-08-06;1
113384;5302;2018-08-07;1
113935;5302;2018-08-08;1
114486;5302;2018-08-09;1
115037;5302;2018-08-10;1
112834;5303;2018-08-06;1
113385;5303;2018-08-07;1
113936;5303;2018-08-08;1
114487;5303;2018-08-09;1
115038;5303;2018-08-10;1
112837;5304;2018-08-06;1
113388;5304;2018-08-07;1
113939;5304;2018-08-08;1
114490;5304;2018-08-09;1
115041;5304;2018-08-10;1
112838;5305;2018-08-06;1
113389;5305;2018-08-07;1
113940;5305;2018-08-08;1
114491;5305;2018-08-09;1
115042;5305;2018-08-10;1
112840;5306;2018-08-06;1
113391;5306;2018-08-07;1
113942;5306;2018-08-08;1
114493;5306;2018-08-09;1
115044;5306;2018-08-10;1
112835;5307;2018-08-06;1
113386;5307;2018-08-07;1
113937;5307;2018-08-08;1
114488;5307;2018-08-09;1
115039;5307;2018-08-10;1
112836;5308;2018-08-06;1
113387;5308;2018-08-07;1
113938;5308;2018-08-08;1
114489;5308;2018-08-09;1
115040;5308;2018-08-10;1
112839;5310;2018-08-06;1
113390;5310;2018-08-07;1
113941;5310;2018-08-08;1
114492;5310;2018-08-09;1
115043;5310;2018-08-10;1
113128;5311;2018-08-06;1
113679;5311;2018-08-07;1
114230;5311;2018-08-08;1
114781;5311;2018-08-09;1
115332;5311;2018-08-10;1
113131;5312;2018-08-06;1
113682;5312;2018-08-07;1
114233;5312;2018-08-08;1
114784;5312;2018-08-09;1
115335;5312;2018-08-10;1
113055;5400;2018-08-06;1
113606;5400;2018-08-07;1
114157;5400;2018-08-08;1
114708;5400;2018-08-09;1
115259;5400;2018-08-10;1
113059;5401;2018-08-06;1
113610;5401;2018-08-07;1
114161;5401;2018-08-08;1
114712;5401;2018-08-09;1
115263;5401;2018-08-10;1
113057;5402;2018-08-06;1
113608;5402;2018-08-07;1
114159;5402;2018-08-08;1
114710;5402;2018-08-09;1
115261;5402;2018-08-10;1
113056;5403;2018-08-06;1
113607;5403;2018-08-07;1
114158;5403;2018-08-08;1
114709;5403;2018-08-09;1
115260;5403;2018-08-10;1
113058;5407;2018-08-06;1
113609;5407;2018-08-07;1
114160;5407;2018-08-08;1
114711;5407;2018-08-09;1
115262;5407;2018-08-10;1
113060;5409;2018-08-06;1
113611;5409;2018-08-07;1
114162;5409;2018-08-08;1
114713;5409;2018-08-09;1
115264;5409;2018-08-10;1
113061;5410;2018-08-06;1
113612;5410;2018-08-07;1
114163;5410;2018-08-08;1
114714;5410;2018-08-09;1
115265;5410;2018-08-10;1
113081;5600;2018-08-06;1
113632;5600;2018-08-07;1
114183;5600;2018-08-08;1
114734;5600;2018-08-09;1
115285;5600;2018-08-10;1
113082;5601;2018-08-06;1
113633;5601;2018-08-07;1
114184;5601;2018-08-08;1
114735;5601;2018-08-09;1
115286;5601;2018-08-10;1
113083;5602;2018-08-06;1
113634;5602;2018-08-07;1
114185;5602;2018-08-08;1
114736;5602;2018-08-09;1
115287;5602;2018-08-10;1
113133;5603;2018-08-06;1
113684;5603;2018-08-07;1
114235;5603;2018-08-08;1
114786;5603;2018-08-09;1
115337;5603;2018-08-10;1
113114;5604;2018-08-06;1
113665;5604;2018-08-07;1
114216;5604;2018-08-08;1
114767;5604;2018-08-09;1
115318;5604;2018-08-10;1
113084;5605;2018-08-06;1
113635;5605;2018-08-07;1
114186;5605;2018-08-08;1
114737;5605;2018-08-09;1
115288;5605;2018-08-10;1
113085;5606;2018-08-06;1
113636;5606;2018-08-07;1
114187;5606;2018-08-08;1
114738;5606;2018-08-09;1
115289;5606;2018-08-10;1
112760;5800;2018-08-06;1
113311;5800;2018-08-07;1
113862;5800;2018-08-08;1
114413;5800;2018-08-09;1
114964;5800;2018-08-10;1
112761;5801;2018-08-06;1
113312;5801;2018-08-07;1
113863;5801;2018-08-08;1
114414;5801;2018-08-09;1
114965;5801;2018-08-10;1
112762;5802;2018-08-06;1
113313;5802;2018-08-07;1
113864;5802;2018-08-08;1
114415;5802;2018-08-09;1
114966;5802;2018-08-10;1
112763;5803;2018-08-06;1
113314;5803;2018-08-07;1
113865;5803;2018-08-08;1
114416;5803;2018-08-09;1
114967;5803;2018-08-10;1
112764;5806;2018-08-06;1
113315;5806;2018-08-07;1
113866;5806;2018-08-08;1
114417;5806;2018-08-09;1
114968;5806;2018-08-10;1
112776;5807;2018-08-06;1
113327;5807;2018-08-07;1
113878;5807;2018-08-08;1
114429;5807;2018-08-09;1
114980;5807;2018-08-10;1
112765;5808;2018-08-06;1
113316;5808;2018-08-07;1
113867;5808;2018-08-08;1
114418;5808;2018-08-09;1
114969;5808;2018-08-10;1
112766;5809;2018-08-06;1
113317;5809;2018-08-07;1
113868;5809;2018-08-08;0
114419;5809;2018-08-09;1
114970;5809;2018-08-10;1
112767;5811;2018-08-06;1
113318;5811;2018-08-07;1
113869;5811;2018-08-08;1
114420;5811;2018-08-09;1
114971;5811;2018-08-10;1
112768;5812;2018-08-06;1
113319;5812;2018-08-07;1
113870;5812;2018-08-08;1
114421;5812;2018-08-09;1
114972;5812;2018-08-10;1
112769;5813;2018-08-06;1
113320;5813;2018-08-07;1
113871;5813;2018-08-08;1
114422;5813;2018-08-09;1
114973;5813;2018-08-10;1
112770;5814;2018-08-06;1
113321;5814;2018-08-07;1
113872;5814;2018-08-08;1
114423;5814;2018-08-09;1
114974;5814;2018-08-10;1
112771;5815;2018-08-06;1
113322;5815;2018-08-07;1
113873;5815;2018-08-08;1
114424;5815;2018-08-09;1
114975;5815;2018-08-10;1
112772;5816;2018-08-06;1
113323;5816;2018-08-07;1
113874;5816;2018-08-08;1
114425;5816;2018-08-09;1
114976;5816;2018-08-10;1
112773;5817;2018-08-06;1
113324;5817;2018-08-07;1
113875;5817;2018-08-08;1
114426;5817;2018-08-09;1
114977;5817;2018-08-10;1
112774;5818;2018-08-06;1
113325;5818;2018-08-07;1
113876;5818;2018-08-08;1
114427;5818;2018-08-09;1
114978;5818;2018-08-10;1
112775;5819;2018-08-06;1
113326;5819;2018-08-07;1
113877;5819;2018-08-08;1
114428;5819;2018-08-09;1
114979;5819;2018-08-10;1
112777;5820;2018-08-06;1
113328;5820;2018-08-07;1
113879;5820;2018-08-08;1
114430;5820;2018-08-09;1
114981;5820;2018-08-10;1
112778;5821;2018-08-06;1
113329;5821;2018-08-07;1
113880;5821;2018-08-08;1
114431;5821;2018-08-09;1
114982;5821;2018-08-10;1
112779;5822;2018-08-06;1
113330;5822;2018-08-07;1
113881;5822;2018-08-08;1
114432;5822;2018-08-09;1
114983;5822;2018-08-10;1
112780;5823;2018-08-06;0
113331;5823;2018-08-07;0
113882;5823;2018-08-08;0
114433;5823;2018-08-09;0
114984;5823;2018-08-10;0
112781;5824;2018-08-06;1
113332;5824;2018-08-07;1
113883;5824;2018-08-08;1
114434;5824;2018-08-09;1
114985;5824;2018-08-10;1
112782;5825;2018-08-06;1
113333;5825;2018-08-07;1
113884;5825;2018-08-08;1
114435;5825;2018-08-09;1
114986;5825;2018-08-10;1
